{
  "appId": "com.astroclock.app",
  "appName": "AstroClock",
  "webDir": "dist",
  "bundledWebRuntime": false,
  "plugins": {
    "SplashScreen": {
      "launchShowDuration": 2000,
      "launchAutoHide": true,
      "backgroundColor": "#6c5ce7",
      "androidSplashResourceName": "splash",
      "androidScaleType": "CENTER_CROP",
      "showSpinner": true,
      "androidSpinnerStyle": "large",
      "spinnerColor": "#ffffff"
    },
    "CapacitorHttp": {
      "enabled": true
    }
  },
  "server": {
    "androidScheme": "https"
  }
}
